user_id,address
1,0x6acdfba02d390b97ac2b2d42a63e85293bcc160e
2,0x7F19720A857F834887FC9A7bC0a0fBe7Fc7f8102
3,0x92193107FB10B3B372AB21cC90b5a4DBd67861d9
4,0xe1e8C9fa8F0cB41CcF9b92061b696EC247Fcc449
5,0xC5Ca16CD564eA101bBF2Dba1346499289F142B07
6,32PUt3ijeewVN2jjoYJqP9ReDfjhqHW3EL
7,0x0002AdC5dc5b503026C2847629F7ec9044Bb5435
8,0xf9911Cfb24Fe7854935Dadf94932212089968683
9,0x003ca8A7e40bEDB2b95358717A4deFe67ede554b
10,17edgGhhb7dp2akxj7zPFKsCTdPk46b5Z6
11,0xE0db7340F6eC43Af8cDE15a464e24f062167b9AB